D0001,Xích ?? Dream,10000,4,20000,DV
D0002,"Bánh r?ng ?? Dream.wave @.S,ZS",10000,0,20000,DV
D0003,Tr??t côn tr??c,10000,0,20000,DV
D0004,Nan hoa,10000,0,20000,DV
D00048,Lò xo gi?m sóc tr??c ABL,10000,0,20000,DV
D0005,Hàn s?n ABL,10000,0,20000,DV
D0006,?p bô ABL,10000,0,20000,DV
D0007,?c pitong xe s?,10000,0,20000,DV
D0008,?c pitong xe ga,10000,0,20000,DV
D0009,Gìa véc mi?ng CE xe s?,10000,0,20000,DV
D0010,Gìa véc mi?ng CE xe ga,10000,0,20000,DV
D0011,Dán ba  búa côn,10000,0,20000,DV
D0012,Ph?t b?ng ?iên Ju,10000,0,20000,DV
D0013,L? keo ?? l?p ,10000,0,20000,DV
D0014,Ty gi?m sóc sau PCX,10000,0,20000,DV
D0015,M?t bàn th? Dream,10000,0,20000,DV
D0016,?p gáy Dream,10000,0,20000,DV
D0017,Pha ?èn Dream,10000,0,20000,DV
D0018,N?n vai xe s?,10000,0,20000,DV
D0020,M?t bàn th? Wave RSX,10000,0,20000,DV
D0021,Ép bi?n ,10000,0,20000,DV
D0022,Vai Dream,10000,0,20000,DV
D0023,?ôi ch?p ch?n b?i gi?m sóc tr??c xe s?,10000,0,20000,DV
D0024,Cánh y?m bên ph?i EXT 150,10000,0,20000,DV
D0025,Tem bên ph?i EXT 150,10000,0,20000,DV
D0026,Phay rà m?t quy lát,10000,0,20000,DV
D0027, Trán xe EXT 150,10000,0,20000,DV
D0028,C?n phanh sau EXT 4s?,10000,0,20000,DV
D003,Dè ch?n bùn sau ABL,10000,0,20000,DV
D0030,X? lý mép vành,10000,0,20000,DV
D0031,Móc treo ??,10000,0,20000,DV
D0032,Ph?t và tr?c n??c mát,10000,0,20000,DV
D0033,D?u phanh,10000,0,20000,DV
D0034,?? thêm d?u phanh,10000,0,20000,DV
D0035,Gáy Vecpa,10000,0,20000,DV
D0036,?p pha Vecpa ,10000,0,20000,DV
D0037,Bi láp Vecpa,10000,0,20000,DV
D0038,Công ?an nan,10000,0,20000,DV
D0040,?p pha ?èn ph?i ABL,10000,0,20000,DV
D0041,?p d??i ? khóa ABL,10000,0,20000,DV
D0042,S?ng bò bên ph?i ABL,10000,0,20000,DV
D0043,Dè ch?n bùn Wave ZX,10000,0,20000,DV
D0045,B? kim c?i Dream,10000,0,20000,DV
D0046,Ch?y l?i công t? mét ?i?n t?,10000,0,20000,DV
D0047,X? lý k?t chân ch?ng,10000,0,20000,DV
D0050,Gi?m sóc h?i,10000,0,20000,DV
D0051,Ép vành ?úc sau,10000,0,20000,DV
D0052,Chân van ??ng,10000,0,20000,DV
D0053,N?n Khung SH,10000,0,20000,DV
D0054,Bô EXT,10000,0,20000,DV
D0055,B? chân ch?ng gi?a,10000,0,20000,DV
D0056,X? lý gi?m sóc tr??c,10000,0,20000,DV
D0057,N?n khung,10000,0,20000,DV
D0058,B? lá côn t?i Winner,10000,0,20000,DV
D0059,Bi 6205,10000,0,20000,DV
D0154,Công t?c còi Wave Alpha,10000,0,20000,DV
D0167,Công t?c ?èn Wave Alpha,10000,0,20000,DV
D0190,Công t? mét Susaphia,10000,0,20000,DV
D0632,Vá l?p,10000,0,20000,DV
D0633,Vá s?m,10000,0,20000,DV
D0634,Ch?y l?i ph?n m?m,10000,0,20000,DV
D0635,B?o d??ng toàn b?,10000,0,20000,DV
D0637,Công làm,10000,0,20000,DV
D0638,Nâng c?p Ecu,10000,0,20000,DV
D0639,Mài ?ánh bóng cam cò xe s?,10000,0,20000,DV
D0640,B? doang ??u,10000,0,20000,DV
D0643,??u ?i?n,10000,0,20000,DV
D0645,Xóa l?i ph?n m?m,10000,0,20000,DV
D0646,??u ?i?n,10000,0,20000,DV
D0649,?óng ca bi tr??c,10000,0,20000,DV
D0650,?óng ca bi sau,10000,0,20000,DV
D0651,?óng ca phanh tr??c,10000,0,20000,DV
D0652,?óng ca phanh sau,10000,0,20000,DV
D0653,Súp páp xe s? Hon da,10000,0,20000,DV
D0654,B? xéc m?ng HD,10000,0,20000,DV
D0655,B? búa côn xe s?,10000,0,20000,DV
D0656,Bi tr?c cam xe s? HD,10000,0,20000,DV
D0657,?óng gi?m gi?t côn sau,10000,0,20000,DV
D0658,Ép biên xe s? HD,10000,0,20000,DV
D0659,?ôi bi c?,10000,0,20000,DV
D0660,Doa nòng xe s?,10000,0,20000,DV
D0661,Doa nòng xe ga,10000,0,20000,DV
D0662,?óng nòng xe s? HD,10000,0,20000,DV
D0663,?óng nòng xe s? YA,10000,0,20000,DV
D0664,?óng nòng xe ga ,10000,0,20000,DV
D06665,Bi tr?c cam xe s? YA,10000,0,20000,DV
D0667,Bi tr?c cam xe ga,10000,0,20000,DV
D0668,B? búa côn xe ga,10000,0,20000,DV
D0669,B? xéc m?ng xe s? YA,10000,0,20000,DV
D0670,B? xéc m?ng xe ga,10000,0,20000,DV
D0671,Súp páp xe s? ya,10000,0,20000,DV
D0672,Súp páp xe ga,10000,0,20000,DV
D0673,Q?a pitong xe s? Honda,10000,0,20000,DV
D0674,Q?a pitong xe s? YA,10000,0,20000,DV
D0675,Q?a pitong xe ga,10000,0,20000,DV
D0676,Mài ?ánh bóng cam cò xe ga,10000,0,20000,DV
D0677,Láng bát côn xe s?,10000,0,20000,DV
D0678,B?o d??ng toàn b? xe s?,10000,0,20000,DV
D0679,B?o d??ng toàn b? xe ga,10000,0,20000,DV
D0680,N?n càng xe s?,10000,0,20000,DV
D0681,N?n càng xe ga,10000,0,20000,DV
D0682,N?n càng,10000,0,20000,DV
D0683,N?n vành ?úc HD,10000,0,20000,DV
D0684,N?n vành nan,10000,0,20000,DV
D0685,Ép vành ?úc tr??c,10000,0,20000,DV
D0686,Tay biên xe s? Honda,10000,0,20000,DV
D0687,Tay biên xe ga Honda,10000,0,20000,DV
D0688,Tay biên xe s? YA,10000,0,20000,DV
D0689,Tay biên xe ga ya,10000,0,20000,DV
D0690,Tay biên xe ga SYM,10000,0,20000,DV
D0691,Reset ECU,10000,0,20000,DV
D0702,Cánh y?m bên trái ABL 125,10000,0,20000,DV
