Code,Name
1,ABL 2006
2,Atila
3,Click
4,Dream Thái
5,Dream Vi?t
6,Enzo
7,Exiter 150
8,Exiter 4 s?
9,Exiter 5 s?
10,Fox
11,Future 1
12,Future 2
13,Future Neo
14,Future R
15,Harate
16,Honda
17,Jupiter MX + V
18,Lead
19,MHC
20,Miu ô
21,Nouvo LX
22,Nouvo th??ng
23,Nozza
24,PCX
25,Piagio
26,Sap SYM
27,Saphia
28,SCR
29,SH - PS
30,Sirius
31,Sirius RC
32,Siriut 4T
33,Spacy
34,Spacy nh?p
35,Spacy vi?t
36,Tauruts
37,Vision
38,Wave RSX
39,Wave S + RS
40,Wave S110
41,Wave tàu
42,Wave ZX
43,Xe ga
44,Xe ga - SYM
45,Xe ga - YA
46,Xe s?
47,Xe s? - Honda
48,Xe s? - YA
49,Yamha
